{
    "execution_time": 5623.843999999983,
    "cpu_time": 17019.21875,
    "true_epochs": 36,
    "accuracy_train": [
        0.25949999690055847,
        0.3269999921321869,
        0.4620000123977661,
        0.6520000100135803,
        0.7204999923706055,
        0.7639999985694885,
        0.8065000176429749,
        0.8379999995231628,
        0.8450000286102295,
        0.8514999747276306,
        0.8730000257492065,
        0.8784999847412109,
        0.8774999976158142,
        0.8880000114440918,
        0.9054999947547913,
        0.9014999866485596,
        0.9144999980926514,
        0.9200000166893005,
        0.9350000023841858,
        0.9434999823570251,
        0.949999988079071,
        0.953000009059906,
        0.949999988079071,
        0.9509999752044678,
        0.9459999799728394,
        0.9629999995231628,
        0.9649999737739563,
        0.9714999794960022,
        0.9729999899864197,
        0.9660000205039978,
        0.9750000238418579,
        0.9804999828338623,
        0.984499990940094,
        0.9810000061988831,
        0.9714999794960022,
        0.9785000085830688
    ],
    "loss_train": [
        1.6012455224990845,
        1.5556195974349976,
        1.3614341020584106,
        0.9710457921028137,
        0.7679431438446045,
        0.6437065601348877,
        0.5507420897483826,
        0.486644446849823,
        0.45441851019859314,
        0.41942715644836426,
        0.38233083486557007,
        0.3659396171569824,
        0.35192322731018066,
        0.3068980574607849,
        0.28147369623184204,
        0.2857705056667328,
        0.250339150428772,
        0.22420501708984375,
        0.20308706164360046,
        0.18431037664413452,
        0.16064181923866272,
        0.14762532711029053,
        0.1464693695306778,
        0.14345699548721313,
        0.14548370242118835,
        0.11846346408128738,
        0.1019323393702507,
        0.08794920891523361,
        0.08002062886953354,
        0.0881657749414444,
        0.07038761675357819,
        0.05907028540968895,
        0.05080018192529678,
        0.0563775971531868,
        0.08225471526384354,
        0.061812106519937515
    ],
    "accuracy_validation": [
        0.2540000081062317,
        0.3580000102519989,
        0.5220000147819519,
        0.6320000290870667,
        0.6940000057220459,
        0.722000002861023,
        0.765999972820282,
        0.7799999713897705,
        0.7760000228881836,
        0.800000011920929,
        0.8019999861717224,
        0.7979999780654907,
        0.8240000009536743,
        0.8479999899864197,
        0.8479999899864197,
        0.8479999899864197,
        0.8600000143051147,
        0.8619999885559082,
        0.8880000114440918,
        0.8880000114440918,
        0.8960000276565552,
        0.9039999842643738,
        0.8899999856948853,
        0.8700000047683716,
        0.9020000100135803,
        0.8859999775886536,
        0.8859999775886536,
        0.8899999856948853,
        0.8880000114440918,
        0.8939999938011169,
        0.9100000262260437,
        0.9079999923706055,
        0.906000018119812,
        0.8999999761581421,
        0.9179999828338623,
        0.8980000019073486
    ],
    "loss_validation": [
        1.5924221277236938,
        1.4927574396133423,
        1.194905400276184,
        0.9862602949142456,
        0.8361594080924988,
        0.738608717918396,
        0.6567553877830505,
        0.5941199660301208,
        0.5923404097557068,
        0.5217900276184082,
        0.49649474024772644,
        0.5106396079063416,
        0.43936046957969666,
        0.4203869700431824,
        0.39682886004447937,
        0.4146130084991455,
        0.3483857214450836,
        0.3640529215335846,
        0.30976346135139465,
        0.31292426586151123,
        0.28264063596725464,
        0.29342442750930786,
        0.28678157925605774,
        0.35299184918403625,
        0.2746037244796753,
        0.29445862770080566,
        0.2913402020931244,
        0.27968287467956543,
        0.31945353746414185,
        0.26608508825302124,
        0.26926618814468384,
        0.28785812854766846,
        0.30910205841064453,
        0.34355005621910095,
        0.30203014612197876,
        0.3336370587348938
    ],
    "iter": 2,
    "model_name": "MODEL_6L_256",
    "epochs": 100,
    "early_stopping": true,
    "batch": 256,
    "validation_split": 0.2,
    "layer_01_filter_count": 8,
    "layer_02_filter_count": 8,
    "layer_03_filter_count": 16,
    "layer_04_filter_count": 32,
    "layer_05_filter_count": 16,
    "layer_06_filter_count": 8,
    "layer_01_kernel_size": 5,
    "layer_02_kernel_size": 3,
    "layer_03_kernel_size": 5,
    "layer_04_kernel_size": 3,
    "layer_05_kernel_size": 3,
    "layer_06_kernel_size": 3,
    "layer_dense_size": 32,
    "dropout": 0.0,
    "num_layers": 6,
    "l1_regularization": 0.0,
    "l2_regularization": 0.0
}